id,name,store_id,dob
1,"Reichert, Bechtelar and Dooley",23,5/4/2023
2,Maggio-Schoen,21,9/27/2023
3,Little Group,39,5/8/2023
4,Witting LLC,42,1/5/2024
5,Murazik-Stokes,77,6/4/2023
6,"Denesik, Yost and Balistreri",91,10/31/2023
7,Schulist-Dach,78,1/4/2024
8,"Kautzer, Adams and McDermott",29,11/1/2023
9,Hilpert-Homenick,31,11/18/2023
10,Lemke Group,3,12/5/2023
11,Murray Group,97,2/28/2024
12,Lebsack-Mosciski,88,8/1/2023
13,Mueller and Sons,12,11/11/2023
14,Bogisich Inc,31,10/31/2023
15,Dicki Group,33,8/28/2023
16,Homenick-Wilkinson,56,4/6/2024
17,Corkery-Renner,15,9/14/2023
18,"Hackett, Hartmann and Weimann",7,5/9/2023
19,Watsica-King,29,5/15/2023
20,Rolfson Group,25,9/17/2023
21,"Bergstrom, Heidenreich and Rau",79,6/22/2023
22,"Grady, Waelchi and Reinger",56,9/24/2023
23,Nikolaus Inc,40,7/18/2023
24,Rath-Ryan,31,3/30/2024
25,Marvin-Kessler,85,8/16/2023
26,"Zboncak, Ruecker and Haag",63,1/30/2024
27,Braun-Goyette,99,8/12/2023
28,Schimmel and Sons,39,8/22/2023
29,Ratke-Reichert,19,8/23/2023
30,Muller-Franecki,19,3/1/2024
31,"Mitchell, Johnson and Schmidt",20,1/5/2024
32,Breitenberg-Littel,48,2/12/2024
33,Weimann Group,78,6/26/2023
34,Vandervort-Renner,98,12/18/2023
35,Monahan Group,76,6/16/2023
36,"Emmerich, Mitchell and Lueilwitz",40,11/26/2023
37,Lockman-Hermann,76,7/1/2023
38,Ziemann-Schamberger,51,5/18/2023
39,"Dicki, Wilderman and Padberg",65,8/25/2023
40,"Bernier, Kub and Von",78,8/21/2023
41,Dickinson-Streich,66,6/3/2023
42,Conn LLC,54,2/1/2024
43,"Cormier, Legros and Runte",70,1/22/2024
44,Pollich Inc,69,10/6/2023
45,Renner-Cartwright,7,1/12/2024
46,"Bode, Pfeffer and Johns",74,9/13/2023
47,Pfeffer-Crist,12,10/25/2023
48,Cole-Zieme,74,12/24/2023
49,"Beer, Schowalter and Collins",8,12/12/2023
50,"McDermott, Spinka and Schumm",78,11/28/2023
51,Emmerich-Bernier,49,6/7/2023
52,Rempel LLC,52,3/24/2024
53,"Swaniawski, Fritsch and Hudson",6,4/22/2024
54,Murazik Group,11,9/21/2023
55,Walsh and Sons,18,2/18/2024
56,Graham-McDermott,35,5/29/2023
57,McClure and Sons,7,4/29/2023
58,Lindgren-Tromp,68,3/16/2024
59,"Mann, Larkin and Russel",13,2/11/2024
60,Boyer-McGlynn,46,3/6/2024
61,Schimmel-Herman,56,1/15/2024
62,Swaniawski Group,85,10/28/2023
63,"O'Connell, Frami and MacGyver",69,3/6/2024
64,Hudson-Hessel,89,5/12/2023
65,"Watsica, Steuber and Hilll",23,3/12/2024
66,Gutmann-Hand,83,12/31/2023
67,Schuppe Group,82,8/1/2023
68,McDermott Inc,26,10/19/2023
69,Schultz-Steuber,69,11/27/2023
70,Keeling Inc,10,9/26/2023
71,"Ondricka, Halvorson and Mueller",61,1/13/2024
72,Heathcote LLC,43,1/1/2024
73,Koch Group,6,1/31/2024
74,Ward-Emmerich,95,11/30/2023
75,"Erdman, Auer and Rowe",17,12/1/2023
76,"Kohler, Sporer and Bahringer",16,8/13/2023
77,"Huel, Smith and Rolfson",78,10/6/2023
78,Ferry and Sons,67,10/5/2023
79,"Howell, Bayer and O'Keefe",26,1/29/2024
80,Herzog and Sons,17,10/26/2023
81,"Walsh, Reichel and Price",19,12/2/2023
82,"Leuschke, Kilback and Herman",71,7/14/2023
83,"Kunde, Homenick and Mills",59,5/18/2023
84,"Kling, Macejkovic and Schaden",92,5/27/2023
85,Stanton Group,18,12/19/2023
86,Batz-Lynch,43,11/24/2023
87,"McKenzie, Senger and Schneider",56,2/18/2024
88,Kub-Stanton,68,7/9/2023
89,Dickens-Johnston,100,2/4/2024
90,Kuhn-Ryan,71,10/19/2023
91,Boyle and Sons,10,7/25/2023
92,"Kohler, Lynch and Schumm",98,6/5/2023
93,Feeney LLC,100,3/30/2024
94,"Labadie, Schuppe and Rogahn",55,7/1/2023
95,"Ward, Kemmer and Lakin",94,3/20/2024
96,Parker Inc,18,8/23/2023
97,Farrell-Hessel,12,12/14/2023
98,Lebsack Inc,62,5/8/2023
99,Murray-Marvin,21,9/3/2023
100,"Cummings, Wilderman and Jast",19,7/13/2023
101,Lind-Crooks,31,8/15/2023
102,"Abbott, Smitham and Conroy",79,5/4/2023
103,Rutherford-Bode,14,6/26/2023
104,Bailey and Sons,65,8/21/2023
105,"Bahringer, Spencer and Schowalter",95,11/13/2023
106,Jacobi-Aufderhar,67,10/24/2023
107,"Wuckert, Kovacek and Schuster",19,10/30/2023
108,Haley-Gutkowski,43,3/3/2024
109,"Legros, Jaskolski and Lang",65,3/26/2024
110,Ortiz Group,11,9/15/2023
111,Stoltenberg-Baumbach,44,12/18/2023
112,Beer LLC,50,9/27/2023
113,"Klocko, Trantow and Rempel",42,4/18/2024
114,"Tremblay, Wisozk and Glover",58,12/5/2023
115,Roberts Group,22,11/2/2023
116,"Bins, Becker and Spencer",76,2/15/2024
117,Kirlin LLC,18,2/29/2024
118,Lang-Feeney,100,6/4/2023
119,"Carroll, Lebsack and Goyette",10,10/16/2023
120,Pagac-Kuhic,59,12/25/2023
121,Keeling Inc,44,1/28/2024
122,"McKenzie, Hermiston and Lubowitz",11,5/4/2023
123,Erdman and Sons,18,9/15/2023
124,"Greenfelder, O'Conner and MacGyver",45,4/24/2023
125,Corkery-White,39,1/11/2024
126,Halvorson Group,22,1/13/2024
127,Kris LLC,23,3/28/2024
128,Toy-Hilll,63,1/25/2024
129,Hermiston-McGlynn,59,1/14/2024
130,Wintheiser LLC,100,3/1/2024
131,"Schuster, Kautzer and O'Conner",65,11/10/2023
132,"Ryan, Haag and Bernier",72,1/31/2024
133,"Prohaska, Hoeger and Rice",43,8/19/2023
134,"Leannon, O'Keefe and Stokes",64,10/10/2023
135,Crooks-Oberbrunner,48,6/2/2023
136,Hayes-Abbott,13,7/29/2023
137,"Ankunding, Rice and Senger",21,5/2/2023
138,Marquardt-Glover,40,10/30/2023
139,Ward and Sons,85,3/16/2024
140,Wisoky LLC,29,10/11/2023
141,Bosco Inc,79,9/20/2023
142,Connelly-Rowe,82,9/25/2023
143,"Stokes, Lind and Stokes",86,12/29/2023
144,Hickle and Sons,39,4/21/2024
145,Dooley-Beatty,71,9/22/2023
146,Stracke-Rohan,41,11/24/2023
147,Gleichner and Sons,68,6/27/2023
148,"Hermiston, Krajcik and Macejkovic",28,11/12/2023
149,"Gusikowski, Hand and Kreiger",8,6/20/2023
150,Fahey-Lubowitz,66,5/25/2023
151,Ryan-Sanford,94,12/23/2023
152,Klein Group,83,7/11/2023
153,"Green, Metz and Hills",64,1/2/2024
154,"Willms, Christiansen and Kirlin",42,7/25/2023
155,"Reichert, Collier and Huel",51,5/20/2023
156,"Murazik, Bednar and Kilback",40,2/27/2024
157,"Hoeger, Boehm and Dooley",80,2/6/2024
158,Jenkins-Kuvalis,54,4/13/2024
159,Ward-Kunde,40,10/23/2023
160,"Dare, Mueller and Bernier",47,1/7/2024
161,"Douglas, Trantow and Raynor",41,11/1/2023
162,Skiles Group,26,12/15/2023
163,"Homenick, Gorczany and Murphy",6,8/19/2023
164,Nolan-Yundt,46,12/9/2023
165,Armstrong LLC,59,7/22/2023
166,Kohler-Lehner,93,3/22/2024
167,Brekke-Luettgen,69,3/13/2024
168,"Marvin, Pouros and Lebsack",23,1/26/2024
169,Gibson-Stiedemann,40,5/8/2023
170,"Prohaska, Lowe and Friesen",61,9/10/2023
171,"Schneider, Trantow and Prosacco",56,1/12/2024
172,"Aufderhar, Schuppe and Reichel",2,8/15/2023
173,Crona-Rippin,29,10/21/2023
174,Ledner Group,89,2/26/2024
175,Cummings LLC,79,6/5/2023
176,Shields-Spencer,29,5/30/2023
177,Hessel and Sons,30,10/19/2023
178,Schneider-Will,66,7/8/2023
179,"Reilly, Klein and Waters",29,3/16/2024
180,O'Kon-McKenzie,14,7/29/2023
181,"Grant, Hagenes and Upton",38,4/17/2024
182,Littel Inc,83,10/25/2023
183,"Leuschke, Kohler and Schulist",100,2/7/2024
184,Robel Inc,21,1/20/2024
185,Jacobi-Howe,70,2/22/2024
186,Kohler-D'Amore,26,10/14/2023
187,"Hauck, Rippin and Kling",22,1/16/2024
188,Jenkins-MacGyver,47,4/8/2024
189,Metz and Sons,76,11/10/2023
190,"Gislason, Becker and Maggio",29,11/11/2023
191,"Mueller, Bartoletti and Marks",8,4/12/2024
192,Yost-Gleason,48,9/6/2023
193,Carter-Predovic,58,11/11/2023
194,DuBuque-Toy,27,1/11/2024
195,"Jakubowski, Wunsch and Robel",28,12/8/2023
196,Larkin-Frami,37,10/23/2023
197,Casper Group,46,9/24/2023
198,O'Keefe LLC,16,7/21/2023
199,Watsica Inc,92,1/1/2024
200,Lynch Group,91,7/20/2023
201,"Keeling, Quitzon and Strosin",67,10/19/2023
202,"DuBuque, Ledner and Lebsack",64,3/21/2024
203,Ondricka LLC,83,12/18/2023
204,Welch-Champlin,66,12/5/2023
205,Auer Group,61,5/8/2023
206,Nolan-Miller,4,5/3/2023
207,Casper-Kuphal,46,1/31/2024
208,O'Kon Inc,10,1/10/2024
209,O'Connell-Tromp,95,12/12/2023
210,"Koch, Hegmann and Heaney",91,7/22/2023
211,Torp-Raynor,65,10/15/2023
212,Feest Inc,63,9/8/2023
213,Effertz Inc,75,6/15/2023
214,Yundt and Sons,9,10/9/2023
215,Legros Group,51,5/6/2023
216,Konopelski-Zulauf,83,10/3/2023
217,O'Keefe and Sons,15,10/22/2023
218,Glover LLC,69,10/20/2023
219,Denesik and Sons,17,11/6/2023
220,"Bergstrom, Gulgowski and Spencer",58,4/25/2023
221,Brown-Spinka,21,8/25/2023
222,"Predovic, Feil and Lind",1,3/28/2024
223,Morissette-Simonis,26,12/3/2023
224,Hoeger Group,22,8/14/2023
225,Daugherty-Dickinson,12,12/18/2023
226,McLaughlin-Bins,30,2/25/2024
227,Huel LLC,50,1/31/2024
228,"Treutel, Renner and Zieme",40,1/14/2024
229,Romaguera-Ziemann,38,2/20/2024
230,Veum-Kshlerin,66,7/17/2023
231,Labadie LLC,24,11/19/2023
232,"Turner, Hammes and Beier",62,4/23/2023
233,"Stoltenberg, Rogahn and Turner",21,12/6/2023
234,"Zemlak, Reilly and Zemlak",34,9/6/2023
235,Kulas Group,61,9/11/2023
236,"Ankunding, Ernser and Jacobi",67,11/9/2023
237,"Miller, Harvey and Bode",68,9/8/2023
238,Boyer-Jaskolski,33,11/11/2023
239,Baumbach-Leuschke,21,5/4/2023
240,Cruickshank and Sons,98,10/20/2023
241,Kris-Baumbach,9,12/8/2023
242,"Casper, Green and Klocko",11,6/19/2023
243,Bergnaum and Sons,20,3/22/2024
244,Shanahan Inc,62,10/20/2023
245,Feeney Group,10,7/1/2023
246,"Predovic, Kuvalis and Howell",57,3/14/2024
247,"Huels, Williamson and Gleason",33,10/4/2023
248,Strosin-Balistreri,64,1/19/2024
249,Weber-Hyatt,92,9/9/2023
250,Klocko-Dietrich,29,5/20/2023
251,"Walsh, Ferry and Hartmann",41,7/5/2023
252,"Crist, Graham and Leuschke",99,2/29/2024
253,Turcotte Group,84,5/13/2023
254,Hirthe Inc,40,5/3/2023
255,Herzog-Okuneva,33,8/3/2023
256,"Gleason, Mueller and Davis",32,11/1/2023
257,Hegmann-Champlin,90,4/6/2024
258,"Skiles, Yost and Gleichner",23,6/10/2023
259,Stiedemann-Baumbach,59,11/18/2023
260,"Rosenbaum, Gorczany and Legros",82,11/25/2023
261,"Adams, Mills and Bartoletti",14,3/27/2024
262,Harvey LLC,10,6/20/2023
263,Bayer Inc,64,6/11/2023
264,"Klocko, Krajcik and Bergstrom",17,11/1/2023
265,"Pollich, Marquardt and Reichert",21,4/1/2024
266,Howe and Sons,7,4/16/2024
267,Hoppe-DuBuque,47,10/8/2023
268,"Schowalter, Prosacco and Emard",78,4/20/2024
269,Abbott Group,10,9/13/2023
270,Cruickshank-Lind,92,5/25/2023
271,"Larson, Mann and Hartmann",17,8/25/2023
272,Murray-Smitham,56,1/26/2024
273,Cruickshank Inc,96,9/2/2023
274,Koss-Jacobi,50,6/17/2023
275,"Crist, Yost and Botsford",49,9/22/2023
276,Senger-Yost,55,7/20/2023
277,Buckridge-Windler,3,7/22/2023
278,"Walker, Hoppe and McClure",15,9/8/2023
279,Marvin-Prosacco,4,8/9/2023
280,Huels-Donnelly,43,11/25/2023
281,Corwin-Wisoky,94,3/29/2024
282,Greenholt-Okuneva,83,2/25/2024
283,Renner Group,69,11/18/2023
284,"Lueilwitz, Rowe and Gibson",83,2/18/2024
285,Jast-Schimmel,84,3/29/2024
286,Pfeffer-Graham,92,12/4/2023
287,"Mosciski, Rogahn and Powlowski",88,3/3/2024
288,Herman and Sons,96,9/17/2023
289,Rodriguez and Sons,60,5/26/2023
290,Spencer-Dare,50,9/11/2023
291,"Braun, Sporer and Gleichner",2,12/10/2023
292,"Stoltenberg, Johnson and Gutkowski",99,10/31/2023
293,Nienow LLC,90,6/8/2023
294,Kohler-Morar,88,9/26/2023
295,Effertz Group,24,12/4/2023
296,Abbott-Quitzon,38,1/10/2024
297,VonRueden LLC,28,7/3/2023
298,"Dibbert, Olson and Dicki",41,12/14/2023
299,Morar-McLaughlin,85,5/13/2023
300,O'Connell Inc,95,7/19/2023
301,Connelly-Shields,9,9/16/2023
302,"Schuppe, Rutherford and Kub",24,11/21/2023
303,"Leuschke, Hamill and Kovacek",48,2/22/2024
304,Harvey-Schroeder,39,8/6/2023
305,"Keebler, Green and Spinka",1,12/9/2023
306,Klein-Mitchell,97,6/29/2023
307,Sawayn-O'Hara,61,12/11/2023
308,Littel Inc,67,9/30/2023
309,Vandervort-Friesen,52,6/14/2023
310,Hane Inc,70,9/29/2023
311,Greenholt Group,31,2/21/2024
312,Hilpert-Lebsack,4,12/10/2023
313,"Considine, Denesik and Murazik",5,11/22/2023
314,Hahn Group,83,1/25/2024
315,Stark-Ortiz,65,3/7/2024
316,Kreiger Inc,15,11/16/2023
317,Swift and Sons,85,9/24/2023
318,Kassulke Group,9,11/18/2023
319,Hartmann-Crooks,2,1/18/2024
320,Keebler-Gislason,51,8/17/2023
321,"Romaguera, Haag and Gerlach",81,6/3/2023
322,Bailey-Wisozk,9,1/21/2024
323,Littel and Sons,71,7/25/2023
324,Hintz-Terry,18,1/20/2024
325,Cruickshank and Sons,18,6/9/2023
326,Weimann-Kovacek,81,8/2/2023
327,Mertz LLC,62,6/14/2023
328,Nicolas Group,93,7/13/2023
329,Kris and Sons,96,9/12/2023
330,"Wintheiser, Heidenreich and Fay",3,5/25/2023
331,Deckow LLC,46,5/14/2023
332,"Abernathy, Dooley and Cormier",65,1/26/2024
333,"Homenick, Collins and Gorczany",92,4/4/2024
334,"Jacobson, Bahringer and Boyle",31,3/20/2024
335,"Huels, Heaney and Monahan",22,10/25/2023
336,Greenholt-McDermott,1,8/6/2023
337,"Powlowski, Bode and Johns",88,12/30/2023
338,"Mohr, Shanahan and Emmerich",71,11/27/2023
339,"Homenick, Kiehn and Grant",41,5/14/2023
340,Jaskolski LLC,42,12/7/2023
341,Rempel-Moen,59,4/16/2024
342,Torphy-Feest,7,10/22/2023
343,"Dibbert, Nicolas and West",51,2/26/2024
344,Block Inc,80,7/11/2023
345,"Langworth, Moen and Senger",83,5/31/2023
346,Gulgowski Inc,29,9/20/2023
347,Mosciski-Walker,15,10/21/2023
348,Larson Inc,45,10/11/2023
349,Mueller Inc,72,4/15/2024
350,"Gutmann, Mitchell and Marks",36,8/14/2023
351,"Raynor, Gibson and Rau",94,6/19/2023
352,"Goldner, Mante and Weimann",87,1/25/2024
353,Glover-Bednar,27,4/21/2024
354,DuBuque Inc,56,5/10/2023
355,Brekke-Beahan,95,4/2/2024
356,Muller LLC,80,4/25/2023
357,Morissette-Koelpin,88,3/13/2024
358,Borer-Hayes,72,7/30/2023
359,"Wiza, Labadie and Mills",85,7/24/2023
360,"Murazik, Bauch and Bode",91,9/14/2023
361,"Lynch, Schamberger and Schuster",22,9/11/2023
362,Cruickshank-Grady,95,1/8/2024
363,Hyatt-Daugherty,50,10/16/2023
364,Rosenbaum-Grimes,29,1/3/2024
365,"Hessel, Raynor and Dicki",26,1/5/2024
366,Gerhold-Borer,46,5/2/2023
367,"Bergnaum, Rice and Sawayn",66,3/5/2024
368,Crist Inc,76,6/18/2023
369,Pfannerstill-Zieme,70,4/11/2024
370,"Olson, Rogahn and Wunsch",17,10/15/2023
371,Rempel Group,32,1/24/2024
372,Hammes and Sons,27,8/21/2023
373,Paucek LLC,92,10/25/2023
374,Sauer LLC,94,1/6/2024
375,"Gibson, Kautzer and Towne",84,4/26/2023
376,Ziemann Group,39,5/27/2023
377,Funk and Sons,13,3/12/2024
378,Spinka LLC,86,6/18/2023
379,Schaefer and Sons,36,8/30/2023
380,"Schulist, McCullough and Hartmann",20,9/9/2023
381,Swaniawski-Schinner,28,1/15/2024
382,Ferry Inc,5,3/30/2024
383,Stracke Inc,80,7/7/2023
384,Hilpert LLC,71,8/20/2023
385,Mante-Okuneva,49,3/14/2024
386,"Franecki, Reynolds and King",88,3/15/2024
387,Bailey-Bernier,99,1/21/2024
388,Lindgren LLC,16,11/19/2023
389,Sawayn-Lesch,22,5/3/2023
390,Effertz Group,84,7/14/2023
391,Herzog and Sons,9,12/12/2023
392,Hirthe-Goodwin,66,8/27/2023
393,Schiller and Sons,51,6/8/2023
394,MacGyver-Skiles,53,9/13/2023
395,Collins-Brown,27,3/28/2024
396,Wisoky LLC,23,4/5/2024
397,Rohan-Botsford,6,2/20/2024
398,Kshlerin-Heidenreich,82,6/23/2023
399,O'Reilly-Murray,75,5/4/2023
400,"Graham, Effertz and Jacobson",87,10/17/2023
401,"Crooks, Ruecker and Hirthe",8,8/25/2023
402,"Kohler, Howell and Erdman",84,8/22/2023
403,O'Keefe-Rowe,82,4/21/2024
404,"Spencer, Ondricka and Vandervort",53,12/31/2023
405,Reichert Group,62,12/21/2023
406,Kertzmann-Bode,76,12/6/2023
407,Dibbert and Sons,2,6/28/2023
408,Hackett-Heaney,15,9/7/2023
409,"Abernathy, Swaniawski and Thompson",96,12/28/2023
410,Jerde-Kertzmann,95,9/22/2023
411,"Lang, Bartell and Ward",13,8/27/2023
412,Hagenes-Paucek,77,7/13/2023
413,"Nitzsche, Haag and Pouros",29,10/1/2023
414,Harvey-Nader,84,5/24/2023
415,"Lindgren, Hoppe and Zulauf",79,1/10/2024
416,Tromp Inc,57,4/7/2024
417,Friesen-Kuphal,19,5/29/2023
418,"Green, Block and Toy",77,8/12/2023
419,Hansen LLC,85,3/19/2024
420,"Roob, Gislason and Rutherford",5,6/14/2023
421,"Raynor, Kuhic and McDermott",59,7/4/2023
422,"Volkman, Rodriguez and Reinger",79,5/29/2023
423,"Kunde, Predovic and Kuhn",72,3/9/2024
424,"Schaden, Borer and Trantow",74,4/20/2024
425,Mills-Conn,2,4/20/2024
426,"Goldner, Gutmann and Thiel",52,5/11/2023
427,"Veum, Kshlerin and Friesen",70,11/11/2023
428,Brown and Sons,82,2/15/2024
429,"Luettgen, Prohaska and Brown",87,8/10/2023
430,Frami LLC,27,7/3/2023
431,"Rowe, Bauch and Bruen",18,6/22/2023
432,"Herman, Pouros and Ernser",63,7/27/2023
433,Mitchell Inc,27,8/23/2023
434,Hintz-Huel,28,6/26/2023
435,Bayer-Gusikowski,91,7/22/2023
436,Nicolas Inc,56,8/14/2023
437,Haley and Sons,85,2/20/2024
438,Robel LLC,79,7/16/2023
439,D'Amore-Anderson,95,5/22/2023
440,Nolan-Waelchi,77,10/22/2023
441,Leffler-Jacobs,99,1/27/2024
442,Bruen Group,70,9/21/2023
443,Quitzon-Kuhlman,2,10/23/2023
444,Kreiger-Keebler,86,3/24/2024
445,"Legros, Daugherty and Buckridge",17,12/5/2023
446,Schuppe-Schmidt,58,10/25/2023
447,Jakubowski LLC,8,12/23/2023
448,Douglas-Hayes,14,10/19/2023
449,Shields-Donnelly,15,3/12/2024
450,"Franecki, Mertz and Dare",94,6/20/2023
451,Ernser Group,19,2/21/2024
452,"Mraz, Vandervort and Steuber",57,1/26/2024
453,Wunsch Inc,91,11/28/2023
454,MacGyver-Raynor,4,3/10/2024
455,Wuckert Inc,7,9/21/2023
456,Ziemann Group,10,1/17/2024
457,Windler-Mertz,99,2/8/2024
458,Paucek and Sons,11,1/9/2024
459,Mohr-Crist,66,3/14/2024
460,Robel LLC,60,7/6/2023
461,MacGyver LLC,66,1/19/2024
462,McCullough-Wintheiser,56,7/7/2023
463,Boyle-Borer,100,4/5/2024
464,Ward LLC,37,6/17/2023
465,Wisozk-Hessel,30,12/6/2023
466,"Erdman, Kirlin and Stiedemann",40,1/23/2024
467,"Hagenes, O'Keefe and Smitham",4,8/31/2023
468,Miller and Sons,26,1/26/2024
469,Schamberger Inc,59,5/7/2023
470,"Spencer, Romaguera and Baumbach",68,4/25/2023
471,Roberts-Waelchi,20,3/26/2024
472,"Tremblay, Hane and McKenzie",3,12/3/2023
473,Walter Group,22,5/27/2023
474,"Schaden, Harber and Bednar",16,4/19/2024
475,"Ruecker, Armstrong and Monahan",35,7/9/2023
476,"Steuber, Heathcote and Fadel",47,5/3/2023
477,Bruen Group,57,11/30/2023
478,Turcotte Inc,77,5/9/2023
479,Funk-Tromp,43,10/17/2023
480,Kirlin Group,48,4/26/2023
481,Aufderhar LLC,89,1/30/2024
482,"Grimes, Hudson and Schoen",53,8/28/2023
483,"Buckridge, Hickle and Corwin",100,5/29/2023
484,"Schinner, Halvorson and Gottlieb",64,8/11/2023
485,"Crist, Boehm and Weissnat",65,4/29/2023
486,Kovacek Inc,18,9/23/2023
487,Ullrich Group,18,10/30/2023
488,"Ward, Ebert and Denesik",31,5/12/2023
489,"Fisher, Kreiger and Gislason",18,3/27/2024
490,"Smitham, Hansen and Koelpin",63,7/17/2023
491,McGlynn-Christiansen,56,3/30/2024
492,Gleichner-Hickle,78,10/2/2023
493,Schinner-Welch,13,5/5/2023
494,Wolff Group,32,10/19/2023
495,Bashirian-Tremblay,35,6/26/2023
496,Kuhlman LLC,11,8/1/2023
497,Batz-Veum,11,4/16/2024
498,Hintz Group,72,10/10/2023
499,"Mosciski, Klein and Hills",89,10/24/2023
500,Howe LLC,55,4/7/2024
