id,name,city_id
1,Roberts-Morissette,14
2,"Kiehn, Morissette and Hagenes",27
3,Friesen-Gutkowski,30
4,"Hills, Quigley and Kub",22
5,Fahey Inc,21
6,Mante Inc,15
7,Kshlerin Group,9
8,Littel Inc,23
9,Altenwerth-Crist,4
10,Murphy and Sons,6
11,Satterfield LLC,10
12,Anderson and Sons,9
13,Harris-Flatley,10
14,Torphy LLC,3
15,"Kemmer, Thompson and Nader",17
16,Brown Inc,15
17,Von-Goodwin,15
18,O'Hara Group,21
19,"McGlynn, Ebert and Bednar",1
20,"Baumbach, Murazik and Ernser",16
21,Deckow Inc,18
22,"Douglas, Stoltenberg and Conroy",26
23,Hills-Von,22
24,Gerhold-Macejkovic,30
25,Windler-McDermott,30
26,MacGyver-Hessel,3
27,Feil Inc,23
28,"O'Conner, Stiedemann and Gleason",1
29,"Kerluke, Brekke and Erdman",3
30,Ondricka Inc,5
31,Homenick-Kassulke,8
32,Lindgren-Hansen,23
33,Kihn and Sons,18
34,Conroy-Hettinger,28
35,"Greenholt, Monahan and Corwin",11
36,"Koch, West and Ryan",26
37,Breitenberg LLC,11
38,Wolff Inc,30
39,Hilll LLC,10
40,Kertzmann-Gleason,19
41,Schowalter Inc,15
42,Feest-Crist,13
43,Pouros and Sons,30
44,Thiel and Sons,10
45,Hills-Emard,11
46,Jaskolski LLC,6
47,Rippin-Metz,15
48,Reynolds-Pacocha,25
49,"Monahan, Steuber and Hoppe",15
50,Bernier-Gibson,7
51,Schowalter-Cronin,26
52,Fay Group,12
53,Medhurst-Langosh,2
54,Hessel-Kreiger,6
55,"Gleichner, Cummerata and Mayer",6
56,"Cormier, Hodkiewicz and Labadie",17
57,"Haag, Cummerata and Shanahan",5
58,"Gleason, Bayer and Hahn",6
59,"Denesik, Zemlak and Veum",4
60,Murray-Armstrong,15
61,"Hermiston, Aufderhar and Blanda",30
62,"Cummings, Wuckert and Maggio",9
63,Schroeder-Bayer,11
64,"Powlowski, Sauer and Marvin",25
65,Kutch and Sons,12
66,"Denesik, Hamill and Nikolaus",15
67,Reichert Inc,21
68,Vandervort-Osinski,7
69,Harvey LLC,12
70,Monahan-Crist,27
71,Keebler LLC,23
72,"Kertzmann, Wuckert and Franecki",2
73,Brekke-Borer,11
74,Keeling-Goyette,3
75,"O'Connell, Reinger and Konopelski",27
76,Kunze-Stiedemann,25
77,"Schmitt, Ebert and Adams",28
78,Hayes-Prohaska,6
79,Blick Group,4
80,Effertz-Grant,24
81,"Grady, Brakus and Towne",30
82,Bailey Inc,15
83,"Klocko, Lynch and Prosacco",6
84,"Anderson, Keebler and Fritsch",20
85,Romaguera and Sons,8
86,"Swaniawski, Murazik and Marquardt",4
87,"Nitzsche, Miller and Hayes",15
88,Kuhlman-Pfeffer,10
89,Keebler Inc,5
90,Koepp Group,8
91,Hahn-Howell,3
92,Haag-Mayert,15
93,"Jacobs, Funk and Dicki",5
94,"Feeney, Connelly and DuBuque",1
95,Douglas-Wiza,29
96,Ullrich-Rohan,20
97,Herzog-Howell,20
98,"Crona, Douglas and Bradtke",26
99,"Sanford, Prosacco and Gleason",7
100,Kuhlman LLC,14
