id,name,city_id,address
1,Gleichner and Sons,14,1348 Banding Drive
2,Ferry LLC,15,621 International Way
3,"Volkman, Spencer and Lang",7,84237 Commercial Pass
4,Bartell-Volkman,18,32779 Northport Circle
5,Rowe-Ritchie,4,95577 Colorado Avenue
6,Mante and Sons,18,51120 Montana Drive
7,Heller LLC,28,82790 Riverside Street
8,Zemlak-Ritchie,2,0 Delaware Court
9,"King, McClure and Deckow",7,84638 Esch Court
10,Will and Sons,24,614 Park Meadow Lane
11,Hermiston Inc,28,4923 Barby Drive
12,Hagenes LLC,9,084 Rusk Pass
13,Collier-Wintheiser,16,3468 Eastlawn Drive
14,Hartmann-White,14,450 Fordem Alley
15,"Swift, Boyle and Roob",5,029 Grover Alley
16,"Kutch, Wiegand and Williamson",29,42243 Golf Drive
17,Auer-Marks,12,631 Riverside Court
18,"VonRueden, Ernser and Kuhlman",4,78 Main Crossing
19,"Schmeler, Walker and Ernser",11,6820 Londonderry Trail
20,Schiller Inc,1,9584 Esker Way
21,Collins LLC,21,916 Alpine Alley
22,Daniel-Franecki,18,6 Tennessee Circle
23,Pollich-Bartoletti,19,5 Declaration Parkway
24,"Goodwin, Cormier and Heidenreich",10,5427 Pleasure Trail
25,Medhurst-Kris,5,2 South Drive
26,Wiza Group,19,6675 Cascade Drive
27,Schulist Group,3,81908 Ilene Hill
28,Pfannerstill-Schaden,16,7961 Bultman Terrace
29,Ziemann-Zieme,4,79696 5th Circle
30,Rosenbaum Inc,14,6120 Mifflin Terrace
31,"Berge, Robel and Bernier",28,91338 Dovetail Road
32,"Effertz, Stehr and Bins",6,2 Beilfuss Parkway
33,"Balistreri, Leannon and McKenzie",26,57645 Moose Place
34,"Olson, Rosenbaum and King",20,3 Dottie Plaza
35,Krajcik-Mohr,23,16 Walton Pass
36,Maggio-Lehner,10,07 Laurel Point
37,Goodwin Inc,2,013 Mifflin Way
38,"Beatty, Hills and MacGyver",13,21 Melvin Drive
39,Lueilwitz and Sons,13,692 Almo Center
40,Turner LLC,27,58 Mosinee Park
41,Heller and Sons,30,2718 Marcy Park
42,"Pfeffer, Pollich and Weber",15,81 Toban Street
43,Homenick and Sons,27,5004 Ryan Trail
44,Hirthe Group,26,7477 Farwell Center
45,Green Inc,19,14990 Arkansas Court
46,"Jones, Boyer and Cummings",6,67 Swallow Point
47,"Krajcik, Feest and Douglas",1,35 Aberg Center
48,"Cruickshank, Olson and VonRueden",20,55 Troy Terrace
49,Mann and Sons,29,1 Park Meadow Avenue
50,Wolf-Thompson,17,81873 Old Shore Drive
51,Torphy and Sons,27,9 Del Mar Way
52,Ondricka-Parisian,25,1609 Jackson Court
53,"Botsford, Nolan and Beer",27,3 Lake View Trail
54,"Mraz, Mitchell and Hane",5,9037 Northfield Crossing
55,"Will, Corwin and Reynolds",20,6 Golf Course Pass
56,"Stoltenberg, Monahan and Cremin",13,005 Eastlawn Way
57,Gibson-Stehr,25,9 Brentwood Court
58,Rohan LLC,30,3280 Onsgard Place
59,Kilback Group,11,28 Parkside Circle
60,Bosco Inc,19,5065 Delladonna Trail
61,Roberts-Ryan,15,32 Arizona Center
62,"O'Conner, Koepp and Hickle",24,18 Parkside Trail
63,Schinner-Gulgowski,8,13863 Fallview Plaza
64,Buckridge Inc,12,0090 Warrior Point
65,Russel-Stehr,7,357 Lindbergh Street
66,Lesch Inc,4,92 Ludington Crossing
67,Rice-Stanton,28,5 Scott Crossing
68,"Kovacek, Satterfield and Turcotte",30,1109 Dovetail Road
69,Ryan Group,19,54 Claremont Crossing
70,"Stroman, Wehner and Windler",28,65924 Katie Parkway
71,Runolfsdottir Inc,5,218 Lakeland Crossing
72,"Strosin, Flatley and Gibson",19,47846 Melody Parkway
73,"Champlin, Wintheiser and Zulauf",26,9 Anderson Parkway
74,Bradtke LLC,22,5609 Bobwhite Road
75,Ryan LLC,26,63021 Superior Street
76,Murray-Klein,26,52 Lindbergh Hill
77,"Hessel, Mohr and Wolff",22,02 Comanche Center
78,Lemke and Sons,27,75665 Shoshone Alley
79,Douglas-Lehner,12,6 Barby Lane
80,"Keebler, Gislason and Kuphal",11,02 Vahlen Avenue
81,Frami Inc,28,32 Golf View Alley
82,Gleichner Inc,5,12871 Cottonwood Terrace
83,Konopelski LLC,30,347 Northfield Lane
84,Gibson-Lehner,25,40880 Hovde Plaza
85,Doyle-Metz,4,48860 Packers Place
86,"Yost, Schaden and Kshlerin",27,152 Bellgrove Court
87,Ritchie Inc,5,01 Fieldstone Avenue
88,Lemke LLC,3,391 Del Sol Lane
89,Abshire-Mayer,13,3971 Sunnyside Pass
90,Runolfsdottir-Senger,9,74112 Helena Drive
91,"Russel, Williamson and Boyer",22,780 Spaight Lane
92,"Crona, Wyman and Schaden",21,61695 Bunker Hill Drive
93,"Fritsch, Zboncak and Bogisich",25,05 Fuller Circle
94,Hoppe Inc,7,891 Kensington Court
95,Bartell-Senger,7,5859 Washington Lane
96,Lakin-Beer,11,23 Crest Line Place
97,Stracke Inc,1,7957 Brown Drive
98,Haley Inc,4,76 Golf Course Junction
99,Sporer Group,4,69460 Roth Point
100,"Kerluke, Ziemann and Rippin",16,46121 Starling Terrace
